,vrep_steps,travelled_distances
0,496.0,15.4903850555
1,326.0,10.3446846008
2,5341.0,165.424591064
3,5193.0,161.184051514
