,vrep_steps,travelled_distances
0,287.0,8.4856004715
1,154.0,4.34618616104
2,5353.0,171.045089722
3,5356.0,170.5965271
4,5349.0,172.547790527
