,vrep_steps,travelled_distances
0,497.0,15.5851325989
1,144.0,4.18940448761
2,5316.0,165.605499268
3,5232.0,161.542282104
